x,y,z,alpha,beta,gamma,time
-2.971449136734009,0.5561368465423584,0.2865344285964966,0.0019848836947394853,0.004422110125128665,0.020515624111745658,1761350159.179275
-2.971409320831299,0.556158185005188,0.2865915596485138,0.0021144040960153917,0.004342471616697753,0.020460008214767435,1761350159.189749
-2.971371650695801,0.5561493635177612,0.2865862548351288,0.002199863359850513,0.004468351164020015,0.02054249291959032,1761350159.199918
-2.971372365951538,0.5561463832855225,0.28655725717544556,0.0021722782822256354,0.003971564423575027,0.02057544881860035,1761350159.210068
-2.9714064598083496,0.556183934211731,0.2866085469722748,0.0022374982829173927,0.004466344763721256,0.020384473458402413,1761350159.210306
-2.9714043140411377,0.5561541318893433,0.28656449913978577,0.0020297457886184114,0.00454980890929984,0.020602277047444474,1761350159.220039
-2.9713079929351807,0.5561819076538086,0.2866378128528595,0.0021951485334247905,0.004274262741756515,0.020344731153757695,1761350159.23009
-2.9713127613067627,0.556158721446991,0.2865869700908661,0.002152294535050368,0.003930610728825245,0.0204046487944132,1761350159.240134
-2.9712648391723633,0.5562475323677063,0.28662851452827454,0.0023093318831084613,0.004141967538824058,0.020212799351030864,1761350159.250155
-2.971367359161377,0.5561814308166504,0.28664258122444153,0.0022436447871660575,0.004505121743284409,0.020466975838330726,1761350159.259975
-2.971365451812744,0.5562348365783691,0.28656211495399475,0.0022399996492065586,0.004493800264146035,0.020388440998987404,1761350159.270135
-2.9713613986968994,0.5562636852264404,0.28657329082489014,0.002264718975890102,0.004068607243542347,0.020461327681346404,1761350159.270398
-2.971287965774536,0.5562354326248169,0.2865934371948242,0.002325434916270301,0.0043615693399083905,0.02033911051869529,1761350159.280158
-2.9713616371154785,0.5561800003051758,0.2865595519542694,0.002165475841467637,0.004413493450365225,0.020346269982296106,1761350159.290127
-2.971338987350464,0.5561829209327698,0.2865424156188965,0.001979951609112963,0.004280705099753768,0.020513261203688713,1761350159.30011
-2.971450090408325,0.5561795830726624,0.2864759564399719,0.0018767449492064837,0.004769198613645962,0.02067429373239968,1761350159.310149
-2.9713737964630127,0.5561645030975342,0.2865223288536072,0.0021167962311939357,0.004478141095325485,0.020393123128326664,1761350159.310433
-2.971336841583252,0.5561817288398743,0.2865363359451294,0.0021306656465755933,0.004372673537419758,0.02042669258271559,1761350159.320163
-2.9713563919067383,0.5561878681182861,0.2865544557571411,0.0019811433087048337,0.004165327920743202,0.02031963995524872,1761350159.330158
-2.971191883087158,0.5562548637390137,0.28659188747406006,0.002284207702099024,0.003962930363907528,0.02005373024005989,1761350159.340157
-2.971311092376709,0.5561482906341553,0.286567360162735,0.0020487240695911337,0.004002672767596519,0.020460994667768666,1761350159.350027
-2.971262216567993,0.5561574101448059,0.28655916452407837,0.0022215606358286333,0.0038881791634085634,0.020285563218851242,1761350159.360156
-2.9712960720062256,0.556217610836029,0.286624550819397,0.002145640721639601,0.003897476763473955,0.02021249628466831,1761350159.360441
-2.971275806427002,0.5561720728874207,0.28665563464164734,0.002082966919979681,0.003926752112627069,0.02028000956461384,1761350159.370142
-2.9713737964630127,0.5561684966087341,0.286546915769577,0.001875702692478631,0.00453036833448081,0.020460089531978726,1761350159.380181
-2.971423625946045,0.5561509132385254,0.28655704855918884,0.0019639136713028647,0.004716406541114804,0.02056393224776906,1761350159.390135
-2.9713406562805176,0.5561788082122803,0.2865268588066101,0.0020074982222880026,0.004382810912665793,0.020549539294845705,1761350159.410111
-2.9713573455810547,0.5561845302581787,0.2865614891052246,0.0021316784497738914,0.004601475489276086,0.020461749580049905,1761350159.410598
-2.9714112281799316,0.5561689138412476,0.28654778003692627,0.0020946685798446177,0.0049942500652108935,0.020703232526759693,1761350159.419874
-2.9713542461395264,0.5562167167663574,0.2865758538246155,0.0021753467938735657,0.00444770155259213,0.020541905983973534,1761350159.420142
-2.971407651901245,0.556191623210907,0.28657928109169006,0.002151906724727588,0.0047039174478916606,0.020525984870941684,1761350159.430141
-2.9714086055755615,0.5561567544937134,0.2865446209907532,0.002065064470412655,0.004374482749852249,0.020537794889468903,1761350159.44015
-2.97133731842041,0.5562215447425842,0.2866091728210449,0.002325136116025558,0.0047118747971812225,0.020435520227186955,1761350159.450149
-2.9712624549865723,0.5561949610710144,0.28662508726119995,0.0022513306013133842,0.00433209896068625,0.020279299928988945,1761350159.460157
-2.9713220596313477,0.5561744570732117,0.2865715026855469,0.0023119519423846525,0.004279690361861635,0.020385859419910037,1761350159.460426
-2.9713454246520996,0.5562217831611633,0.28662940859794617,0.00223020540837022,0.004422808622933316,0.02041170864814103,1761350159.470168
-2.971266269683838,0.5561836957931519,0.2866668999195099,0.0021921922951196053,0.004069998897225286,0.020283161722708776,1761350159.479994
-2.971282482147217,0.5562101006507874,0.2866666316986084,0.002241470018928484,0.004164060051892217,0.020368522469333968,1761350159.49014
-2.971344470977783,0.5561968684196472,0.28663986921310425,0.0022553478048363204,0.004665395537610483,0.020339776366471773,1761350159.500155
-2.971360683441162,0.5562015771865845,0.28656843304634094,0.002320126271283412,0.004529521835396023,0.020417982079386117,1761350159.510007
-2.9714696407318115,0.5561724901199341,0.2865852117538452,0.0020329846596096766,0.005032780575356088,0.02055802306937593,1761350159.510298
-2.9714596271514893,0.5561765432357788,0.2864823639392853,0.0020098206654710067,0.0045232034927479665,0.020770798026896197,1761350159.519999
-2.9713973999023438,0.556179404258728,0.28652501106262207,0.0020440156778501555,0.004690826714918674,0.020674865186521743,1761350159.53
-2.9714279174804688,0.55617755651474,0.2864933907985687,0.0019709390884124303,0.004618059333166,0.020420521855532215,1761350159.540142
-2.9713387489318848,0.5561660528182983,0.2865810692310333,0.0020187712372923055,0.00427779009837529,0.02044075715580209,1761350159.550142
-2.971383571624756,0.5561296939849854,0.2866344451904297,0.0021521183627871447,0.004229386420543649,0.020454496877370495,1761350159.560063
-2.9712958335876465,0.5561771392822266,0.28657814860343933,0.002011303597806625,0.004229171801237565,0.02025222657149902,1761350159.570176
-2.971348762512207,0.556198000907898,0.28652235865592957,0.002102765318038881,0.003987433153735673,0.020444124534667114,1761350159.570483
-2.971238851547241,0.5562631487846375,0.28664401173591614,0.00235687521018638,0.003938124530405846,0.020147727401766614,1761350159.579999
-2.9713122844696045,0.5562012791633606,0.2866065800189972,0.0021388939175128884,0.0038704308323019485,0.02035147922410593,1761350159.589994
-2.971313238143921,0.5562196969985962,0.28662362694740295,0.002138809705184297,0.003801200674958194,0.02033035639943864,1761350159.600172
-2.9713101387023926,0.55624920129776,0.28663936257362366,0.00245270343107416,0.003925769086250612,0.020356691472851938,1761350159.610003
-2.9713048934936523,0.5562363266944885,0.2865712642669678,0.002130307418432307,0.004019410650463202,0.020339913845417494,1761350159.610284
-2.9713449478149414,0.5561578869819641,0.286577969789505,0.0019585193314456606,0.0042261510176214686,0.0204718567845269,1761350159.620003
-2.971304178237915,0.5562209486961365,0.2865756154060364,0.0021267112928294884,0.004535402417965029,0.02027184242461235,1761350159.630136
-2.971359968185425,0.5562376976013184,0.2865966558456421,0.0022758463092736395,0.00475573941647311,0.0204144270690457,1761350159.65014
-2.971409320831299,0.5561196208000183,0.2865543067455292,0.0020404550456669737,0.004688124347462716,0.020569894421368317,1761350159.660015
-2.971388578414917,0.556185781955719,0.2865080237388611,0.0022458385340333622,0.004393364960851341,0.020518721100213494,1761350159.6603
-2.971409559249878,0.5561828017234802,0.28652653098106384,0.0020435444647013035,0.004485452989536761,0.020550830107130106,1761350159.67016
-2.9713075160980225,0.5562262535095215,0.2866281569004059,0.002256633753775859,0.004558451585848053,0.020343203791218158,1761350159.68016
-2.971308946609497,0.5561968684196472,0.2866446077823639,0.0022857383334794795,0.004298939470243062,0.02035672923897534,1761350159.68992
-2.971317768096924,0.5562505125999451,0.28657636046409607,0.002168932626773577,0.0042470948021684765,0.02033372308467061,1761350159.699974
-2.971381187438965,0.5562000274658203,0.2865819036960602,0.0020705642249475116,0.004498153588792657,0.02048398244640661,1761350159.709999
-2.971353054046631,0.5561848878860474,0.2866344749927521,0.002353779402208513,0.004610144495815677,0.020384534720177327,1761350159.71028
-2.9713995456695557,0.5561724901199341,0.28659453988075256,0.0020561860766202407,0.004419267997685523,0.020519459247764604,1761350159.719995
-2.9714083671569824,0.5561261177062988,0.28659650683403015,0.0020838934125189624,0.004179214768609582,0.020579669775697872,1761350159.730127
-2.97135329246521,0.5561731457710266,0.28658172488212585,0.0022738676394502355,0.004697784399768944,0.020328487355823262,1761350159.74015
-2.9714105129241943,0.556176483631134,0.2865665555000305,0.002061800473612166,0.004683654251015172,0.020372010963616898,1761350159.75016
-2.9713714122772217,0.5562115907669067,0.28655582666397095,0.0020211169290161955,0.004675586476790218,0.02046511518294076,1761350159.760142
-2.9714014530181885,0.556160569190979,0.2865419089794159,0.0021650994444591537,0.004559375581864717,0.020583365105483867,1761350159.770012
-2.9713940620422363,0.5562059879302979,0.2865261137485504,0.0020908031232433014,0.004393246824833663,0.020611873625781617,1761350159.770329
-2.971329927444458,0.5562209486961365,0.2865845263004303,0.0022265965270941066,0.004499804919938918,0.020394362841452827,1761350159.780175
-2.971341609954834,0.5561618804931641,0.28660792112350464,0.0023542249456780548,0.0045850598422030224,0.020496778905474487,1761350159.790134
-2.9713428020477295,0.556185245513916,0.2866094708442688,0.002092998991206272,0.004326050307308677,0.020464878456913534,1761350159.800131
-2.9713380336761475,0.5561769008636475,0.2866271436214447,0.001978613694851919,0.004365423726045686,0.020438226105429762,1761350159.810122
-2.9712886810302734,0.5562041401863098,0.28658735752105713,0.0021647918477035216,0.004182685871899705,0.02039708736491636,1761350159.819993
-2.9713797569274902,0.5561465620994568,0.2865316569805145,0.0019558727016985504,0.00396660316238118,0.02051831390412886,1761350159.820271
-2.971371650695801,0.5561530590057373,0.28654035925865173,0.0018309259958142687,0.004115307195884364,0.020504834695277693,1761350159.829791
-2.9713268280029297,0.5562224388122559,0.2865642309188843,0.002105030604511245,0.003934027166167934,0.020305801592687266,1761350159.83929
-2.971379041671753,0.5561735033988953,0.28657636046409607,0.001981048277884878,0.004235882845662373,0.020563650783172082,1761350159.849265
-2.971426010131836,0.5561690330505371,0.28656283020973206,0.0020244093593293562,0.004286695096999822,0.020528503692982376,1761350159.859495
-2.971377372741699,0.5561702847480774,0.2866142988204956,0.0020773387093963717,0.004508275061150501,0.02039376704691265,1761350159.869467
-2.9714016914367676,0.5561971068382263,0.28652775287628174,0.002045149489765532,0.004708295443815895,0.02027613294063845,1761350159.869566
-2.9713218212127686,0.5561715960502625,0.2866131067276001,0.002300208785417537,0.004539499714233064,0.020341013932434867,1761350159.879608
-2.9713315963745117,0.556177020072937,0.2866092622280121,0.002030455712055158,0.004172999908559957,0.020389217937189542,1761350159.889906
-2.971372604370117,0.5561116933822632,0.2865754961967468,0.0019095110943620206,0.004376039824857615,0.02038647169503733,1761350159.900157
-2.971353054046631,0.5561639666557312,0.28661632537841797,0.002112162807035779,0.004155186657997676,0.020316165180189964,1761350159.910118
-2.971287488937378,0.5561318397521973,0.28672927618026733,0.0023763837667946765,0.0047153761506996605,0.020280537459849094,1761350159.920129
-2.97127366065979,0.5562438368797302,0.2866864502429962,0.002469005633399856,0.004455542111545903,0.020210162457573764,1761350159.920445
-2.971304178237915,0.5561853647232056,0.2866150140762329,0.0022728585173571363,0.004394318365084444,0.020534045157915452,1761350159.930128
-2.971276044845581,0.5562226176261902,0.2866079807281494,0.0024492523546641525,0.004311368961127858,0.020460107884394202,1761350159.939955
-2.9712071418762207,0.5562352538108826,0.2865910232067108,0.0023597029706999653,0.003993171335360389,0.020189410349795878,1761350159.950103
-2.971360921859741,0.5562335848808289,0.2866174876689911,0.0023529833152179016,0.004504905506737015,0.020379368432369233,1761350159.960153
-2.9714460372924805,0.5562789440155029,0.286541223526001,0.002302339023364194,0.004689448406297444,0.02053637172446882,1761350159.960431
-2.9714179039001465,0.5562257766723633,0.2865874171257019,0.0021520060613147746,0.0046743939251499365,0.020451846819681027,1761350159.970118
-2.971376895904541,0.5561959743499756,0.2866396903991699,0.0021789770001389404,0.004626333441552246,0.020390511343568368,1761350159.980124
-2.971379041671753,0.5561974048614502,0.28665706515312195,0.0023958575042065345,0.004562012572815638,0.020537686250933416,1761350159.990096
-2.971369981765747,0.5561589598655701,0.2866387963294983,0.0021390240764928097,0.0046006851048448465,0.020411641944325064,1761350160.000198
-2.9714581966400146,0.5561787486076355,0.28661441802978516,0.002232402410604343,0.004635647382898498,0.020490357510636704,1761350160.009963
-2.9713470935821533,0.5561661124229431,0.28659507632255554,0.0020801501590554726,0.004354378634917672,0.020298111762537922,1761350160.020007
-2.9713118076324463,0.5562259554862976,0.28655359148979187,0.0021392909668771654,0.004303100837046245,0.0202448298194428,1761350160.020289
-2.9713478088378906,0.5561559796333313,0.28665435314178467,0.00212345653712521,0.004278447140208566,0.02034407147892498,1761350160.029981
-2.9712798595428467,0.5562124252319336,0.28665658831596375,0.002346973759065396,0.0043522970800290795,0.020242757165641258,1761350160.040154
-2.9712729454040527,0.5562170743942261,0.28663504123687744,0.0022742312104155767,0.004188055286237834,0.020293159276875857,1761350160.049995
-2.9713265895843506,0.5562089681625366,0.28665173053741455,0.002216123653747107,0.0042681248057900925,0.020351146564579436,1761350160.06017
-2.9713146686553955,0.556187629699707,0.28663334250450134,0.002175610906496789,0.004417792875075309,0.020417975391818794,1761350160.060443
-2.9713213443756104,0.556198000907898,0.2865855395793915,0.0021702365413542144,0.004619650817488426,0.02032790090818902,1761350160.070151
-2.9712769985198975,0.5562920570373535,0.286628395318985,0.0023755821775935386,0.0047217475549023,0.02025875254127908,1761350160.080198
-2.9713902473449707,0.5562192797660828,0.28646665811538696,0.0019041468962668387,0.0041477542652352,0.02056626307016791,1761350160.090106
-2.9714138507843018,0.5561417937278748,0.2865504324436188,0.002063064849117976,0.004476099970917407,0.02040106184776297,1761350160.100161
-2.971463441848755,0.5562171936035156,0.2865118682384491,0.0021224794213281955,0.004527048400279019,0.02057743737479374,1761350160.11
-2.9713151454925537,0.5562344789505005,0.28660404682159424,0.0022987916550773597,0.004355172833700135,0.020271710825694577,1761350160.120018
-2.9713826179504395,0.5562137365341187,0.2864929437637329,0.00202915587399135,0.004193457061599697,0.020418288654238618,1761350160.120291
-2.9712231159210205,0.5562884211540222,0.28659528493881226,0.0022413105923253292,0.004238894451845518,0.020092969198766124,1761350160.130148
-2.971338987350464,0.5561898946762085,0.2866058349609375,0.002097507930012398,0.004090962668914419,0.020387811562880373,1761350160.140193
-2.971325159072876,0.5562131404876709,0.2865675389766693,0.002192325289791966,0.003965386323403423,0.020324225223283504,1761350160.150157
-2.9713475704193115,0.5561995506286621,0.2865843176841736,0.0021683281779930914,0.00415644027996949,0.02040445383962185,1761350160.160193
-2.9713046550750732,0.5561841130256653,0.2865622341632843,0.002071534268534678,0.004003631838566819,0.020272695412966838,1761350160.160508
-2.9713072776794434,0.5561811327934265,0.2866080403327942,0.002034346520749611,0.0042779869172496566,0.020296723118114503,1761350160.170145
-2.9713687896728516,0.5562311410903931,0.28657296299934387,0.0022685028523545064,0.0044452671531421675,0.02052151491865077,1761350160.180007
-2.9712963104248047,0.5562052130699158,0.2866104245185852,0.002296849177975509,0.004382890349345229,0.02034016533387282,1761350160.190064
-2.971301317214966,0.5562278628349304,0.28659743070602417,0.002287140947873561,0.004727498559046399,0.020307626704244856,1761350160.199851
-2.9712905883789062,0.556198239326477,0.28666239976882935,0.002259167929852731,0.004632580231776716,0.02014532157391039,1761350160.210174
-2.9715070724487305,0.556143581867218,0.286519855260849,0.002019207285382627,0.004797484797550777,0.020726814635271127,1761350160.210445
-2.971381902694702,0.5562121272087097,0.28661465644836426,0.002178197776520344,0.004593336823123383,0.020425393910141747,1761350160.220035
-2.9714434146881104,0.5561509728431702,0.28656864166259766,0.0022948813555706605,0.004767412979265405,0.020520647383311184,1761350160.230152
-2.9712939262390137,0.5562465190887451,0.28663772344589233,0.0024592711413708255,0.00462663713308271,0.020281692318397323,1761350160.240149
-2.9712562561035156,0.5562217235565186,0.28659024834632874,0.002181365172275823,0.004282383334029141,0.02022118500771436,1761350160.250162
-2.9712448120117188,0.5562534332275391,0.2866387367248535,0.0022929351997637735,0.004011711402576149,0.02016700110531229,1761350160.259995
-2.9713518619537354,0.5562215447425842,0.28658634424209595,0.002208865702683028,0.004177131936815653,0.02041190061440119,1761350160.270012
-2.9713215827941895,0.5561743974685669,0.2865489423274994,0.0019381607873426127,0.0037787840516107472,0.02035528590637475,1761350160.270577
-2.9713070392608643,0.5562349557876587,0.28663408756256104,0.002285134833137621,0.004360530327561828,0.020414524284261434,1761350160.280262
-2.971295118331909,0.5562323331832886,0.28660333156585693,0.0021625549903752407,0.003991989969053264,0.020338711707060364,1761350160.289992
-2.9712913036346436,0.5561901330947876,0.2865239977836609,0.0019196209025170736,0.004087707564083328,0.020414013893347675,1761350160.300012
-2.971358060836792,0.5562505722045898,0.2865407466888428,0.0021473770556968384,0.004247548832697082,0.020367001313752832,1761350160.310017
-2.9712908267974854,0.5561906695365906,0.28656497597694397,0.0019768177346277853,0.003957449618182569,0.020303006600165444,1761350160.310331
-2.9713377952575684,0.5561497807502747,0.2865676283836365,0.0018103934713188266,0.003996756370747179,0.02055784666702275,1761350160.330025
-2.971407651901245,0.5561572909355164,0.2865455448627472,0.0019084519239889075,0.0045257721696447635,0.020444311507056924,1761350160.330298
-2.9714267253875732,0.556131899356842,0.2865288257598877,0.0020348567280484716,0.00441938044228044,0.020608450804203943,1761350160.339975
-2.971402645111084,0.5561308264732361,0.28654903173446655,0.002042340443549899,0.004333191195933299,0.020563368352078663,1761350160.350174
-2.9713101387023926,0.5562184453010559,0.28654468059539795,0.002053598237032074,0.004082418916936076,0.02038273566398878,1761350160.359453
-2.9713521003723145,0.5561789870262146,0.2865937352180481,0.0023449658752862507,0.0043015260954393855,0.020482475480479267,1761350160.369643
-2.97135329246521,0.5562198162078857,0.2865293025970459,0.002173833940828012,0.004097843028228402,0.02034726047762345,1761350160.369736
-2.9713563919067383,0.5561478137969971,0.2865774929523468,0.0020132663308817422,0.004147428208880006,0.020450042466831103,1761350160.379517
-2.971259355545044,0.5562496781349182,0.28658682107925415,0.002231243660346194,0.004204235160160842,0.0202185033706956,1761350160.389707
-2.9712975025177,0.5562096238136292,0.28652694821357727,0.0020852168901919843,0.003952530198597575,0.020424869582779618,1761350160.399617
-2.9713470935821533,0.556252658367157,0.2865493595600128,0.0022453511220104855,0.004277208515615932,0.020376799368067588,1761350160.410101
-2.9713525772094727,0.5562271475791931,0.28655126690864563,0.0023067165234473856,0.004459434583955463,0.020455845195200033,1761350160.410335
-2.97135329246521,0.5562253594398499,0.2866276204586029,0.0022378419668586127,0.0043552897300163165,0.02040793362220371,1761350160.43017
-2.9713826179504395,0.5561498403549194,0.2865743041038513,0.001934817473142676,0.004670587924191148,0.020551221637960252,1761350160.43048
-2.971349000930786,0.5561879873275757,0.2866102159023285,0.0020452846217028655,0.004327868617849662,0.02052846016337682,1761350160.440127
-2.9713714122772217,0.5561452507972717,0.28658434748649597,0.002070412004483366,0.004167065914996479,0.020563902914477006,1761350160.450161
-2.9713823795318604,0.5561894774436951,0.2865791916847229,0.0021026786481993724,0.004315219575813971,0.020384297982288017,1761350160.460178
-2.971297264099121,0.5561692118644714,0.286560982465744,0.002149696309176805,0.004393766047612462,0.020411747188717803,1761350160.460485
-2.9713780879974365,0.5562065243721008,0.28656458854675293,0.0023461201544364946,0.004625482139894712,0.0204709524140868,1761350160.470147
-2.971360445022583,0.5561202764511108,0.2866331934928894,0.002236702628516335,0.00461441196229993,0.02045448347026131,1761350160.480015
-2.971308946609497,0.5562101602554321,0.28658342361450195,0.0024036476283374798,0.004339642295519923,0.020317976347562963,1761350160.4901
-2.971238851547241,0.5562503337860107,0.28662222623825073,0.002287135434953346,0.004168202642045148,0.020178563426643186,1761350160.500155
-2.971343517303467,0.5561681985855103,0.28659355640411377,0.0021925696126120988,0.004175267952952777,0.0205013786236153,1761350160.510158
-2.9713633060455322,0.5561748147010803,0.2865872085094452,0.0021463216929318504,0.004436175375213262,0.02046079515631474,1761350160.510432
-2.971254348754883,0.55614173412323,0.2866480350494385,0.0021554357445688252,0.004059977879212024,0.020275103836241495,1761350160.519454
-2.9713876247406006,0.556098461151123,0.2866208255290985,0.0020444106481320354,0.004143703395119547,0.020550736119198824,1761350160.529529
-2.9713432788848877,0.5562017560005188,0.2865504026412964,0.002181293589264659,0.004206214491247058,0.020470124088830994,1761350160.53974
-2.9713079929351807,0.5561956763267517,0.2865731418132782,0.0021900405928061127,0.00411184443218598,0.020452695122582087,1761350160.549962
-2.971390724182129,0.5562050938606262,0.2866005301475525,0.0021269621573986107,0.004674487408352884,0.02052663683929707,1761350160.56018
-2.971407413482666,0.5562089681625366,0.2865196168422699,0.0021296094174972505,0.00447495956590183,0.02062047138815329,1761350160.560492
-2.9714839458465576,0.5561330318450928,0.28656017780303955,0.00210154464934997,0.004481671259682254,0.02075324463788341,1761350160.569686
-2.971405267715454,0.5561610460281372,0.2865048944950104,0.001885908182924795,0.004231074110503314,0.020596187131742282,1761350160.579512
-2.9713523387908936,0.5562213659286499,0.28654974699020386,0.0020710523689081817,0.0042286181905406275,0.020363090780921352,1761350160.589674
-2.971287965774536,0.5561948418617249,0.28656062483787537,0.002172074813783685,0.004042067538549979,0.02023736363012738,1761350160.599752
-2.9713966846466064,0.5562251806259155,0.28652527928352356,0.002268383906319226,0.004005143581348077,0.02051378456974399,1761350160.609813
-2.9713046550750732,0.5562189817428589,0.28661638498306274,0.0022255689720087576,0.0041097039569790005,0.02027390210824196,1761350160.609951
-2.971318006515503,0.5562376379966736,0.28656402230262756,0.0021450962746141743,0.004110430170517449,0.0203881129619625,1761350160.619899
-2.9712798595428467,0.5562415719032288,0.28654545545578003,0.0021050293998639315,0.0038091080279584574,0.020277212900979908,1761350160.630249
-2.97133469581604,0.5561813116073608,0.2865833044052124,0.0019946963191158533,0.0039267419189184995,0.02039860793434652,1761350160.640331
-2.9713399410247803,0.5561913847923279,0.2865977883338928,0.0019638095720743414,0.0041061309794862815,0.02032142197219993,1761350160.650148
-2.971325397491455,0.5562477707862854,0.2866213321685791,0.0023807515616956192,0.0042212492657203145,0.02036098452011101,1761350160.660173
-2.9713542461395264,0.5561978220939636,0.28659114241600037,0.002129261359252195,0.004612406674873394,0.020573314970761855,1761350160.660449
-2.971416711807251,0.5562325716018677,0.28654584288597107,0.0022073194986085734,0.004522825035882776,0.020601411998583063,1761350160.670157
-2.971334457397461,0.55618816614151,0.2865840494632721,0.0021013934265326083,0.004398280863179183,0.020326064138256026,1761350160.68001
-2.9713263511657715,0.5562474131584167,0.2865757942199707,0.0022274839961156276,0.0040693662076070015,0.02032522029920118,1761350160.689926
-2.9713640213012695,0.5562201738357544,0.2865704596042633,0.0021431417534006013,0.004604082208234455,0.020392219949577104,1761350160.700175
-2.971299171447754,0.5562885403633118,0.2866377830505371,0.0025579361696112675,0.004448267821760577,0.020382532848512755,1761350160.710165
-2.971360683441162,0.5562161803245544,0.28663039207458496,0.0023538375240967162,0.004478205805344787,0.02041211114480578,1761350160.710441
-2.9712700843811035,0.5562156438827515,0.286598265171051,0.002188844288069269,0.0042139411776845595,0.02020676965153152,1761350160.720154
-2.971299409866333,0.556169867515564,0.2866450548171997,0.002385674763366007,0.004257526875395803,0.02030319981315418,1761350160.740181
-2.9713072776794434,0.5561484098434448,0.2866411805152893,0.002191656537069046,0.004105631910922922,0.020458696507024678,1761350160.740456
-2.9713621139526367,0.556138277053833,0.2865915298461914,0.002264821227449128,0.00439120929378584,0.020495151917422468,1761350160.750218
-2.971308946609497,0.5561860203742981,0.2866557538509369,0.0021879546022847258,0.0043576116869009284,0.020307239331160527,1761350160.760178
-2.9713001251220703,0.5562072396278381,0.2865627110004425,0.002224044511488373,0.004377422528005258,0.020264787510952117,1761350160.760451
-2.971282482147217,0.5562411546707153,0.2865685522556305,0.0022134226331170024,0.00446144181763796,0.020227275917642427,1761350160.770011
-2.971356153488159,0.5561833381652832,0.2865758240222931,0.0021681869325922707,0.004481808430007551,0.02040546482011598,1761350160.780156
-2.9713895320892334,0.5561894774436951,0.2865210175514221,0.002042746366361532,0.004175610466986414,0.02049200057314198,1761350160.789963
-2.9713003635406494,0.5562252402305603,0.2866138517856598,0.00232492465484547,0.004343781428572722,0.020380031311379703,1761350160.80016
-2.9713823795318604,0.556160569190979,0.2865442633628845,0.001925500694621489,0.0040104117916205505,0.020540142935348085,1761350160.810189
-2.971418619155884,0.5561764240264893,0.2865610420703888,0.00211620502776782,0.004349837294455856,0.020502853561927874,1761350160.810461
-2.971379518508911,0.5561908483505249,0.28656548261642456,0.0019308451298549235,0.004248757738449959,0.020496113983386965,1761350160.820148
-2.9714584350585938,0.5561647415161133,0.2864653468132019,0.0021446651863895583,0.00427891313085363,0.02074414326307548,1761350160.839963
-2.971318006515503,0.5561777353286743,0.2865781784057617,0.0021700191584451893,0.003692345744092943,0.020422807932224323,1761350160.840277
-2.971414089202881,0.5561797618865967,0.2865714430809021,0.002158543716918042,0.004289436044936226,0.02048427856091214,1761350160.850158
-2.971261501312256,0.5562024116516113,0.2866218686103821,0.0022729215579357425,0.004047120912448641,0.020226785270475344,1761350160.859917
-2.9712440967559814,0.5561993718147278,0.28664618730545044,0.002128365478869271,0.004007446635784653,0.020190017317594625,1761350160.87002
-2.97127628326416,0.5561838150024414,0.2866345942020416,0.00222154114468596,0.004137978657268708,0.02026039498700033,1761350160.870297
-2.971259593963623,0.5561972260475159,0.2866954803466797,0.002306419026438249,0.0036923654971408805,0.02026447741345963,1761350160.880154
-2.971311330795288,0.5562300682067871,0.2865496575832367,0.0022781958677941245,0.0040226509745934945,0.020380830720448818,1761350160.889999
-2.9712862968444824,0.5561979413032532,0.2866303622722626,0.0021525000852571164,0.00452283360599578,0.020290551390781175,1761350160.900021
-2.9713425636291504,0.55622398853302,0.2865132689476013,0.001970560698292784,0.0044240347871742705,0.02045681107459075,1761350160.909998
-2.9713449478149414,0.556209921836853,0.28657037019729614,0.0021684238200681263,0.0044788596448339995,0.020370347499657014,1761350160.920152
-2.9713070392608643,0.5561901330947876,0.2866167426109314,0.0022006143983189417,0.0042647348527972955,0.020457320978039376,1761350160.930166
-2.9713454246520996,0.5562326312065125,0.2866024971008301,0.0022586563945016496,0.004587955877890435,0.020506995884006653,1761350160.930477
-2.971367120742798,0.5561574101448059,0.2866637706756592,0.002216525599287776,0.004878586781646901,0.020525592806068155,1761350160.93998
-2.9714086055755615,0.5561731457710266,0.2865651547908783,0.002120831884192542,0.00503649108593923,0.020612160218001198,1761350160.950152
-2.9714648723602295,0.5561186671257019,0.28655770421028137,0.0021639189926556095,0.004658196172777976,0.0206449303457857,1761350160.960152
-2.9713590145111084,0.5562371611595154,0.2865927219390869,0.002217662569914108,0.00405460522566498,0.020431017065699747,1761350160.970187
-2.9713172912597656,0.5561846494674683,0.28666719794273376,0.0023114757457326192,0.004192308338970417,0.02037852705697216,1761350160.980017
-2.9712841510772705,0.5562575459480286,0.2866761386394501,0.002623599323291631,0.0046732261912004434,0.020110085287509086,1761350160.980289
-2.9713337421417236,0.5562301874160767,0.2865538001060486,0.0021894024842605423,0.004481218686007082,0.020350218233417903,1761350160.990171
-2.9713478088378906,0.5561245083808899,0.2866154611110687,0.002151649060069932,0.00447159890710032,0.020435404464978994,1761350161.000158
-2.971371650695801,0.556183934211731,0.2866148352622986,0.0021612732864789404,0.004478657347743055,0.020599227502398273,1761350161.010168
-2.971389055252075,0.5561561584472656,0.28659284114837646,0.002240692156748639,0.004336102983346042,0.02043006717489197,1761350161.020018
-2.9713218212127686,0.5562180280685425,0.2866283059120178,0.0022497769714709083,0.00423807259944646,0.02040545493930674,1761350161.020329
-2.9713635444641113,0.5561908483505249,0.2865558862686157,0.002043373577603352,0.004388514473431856,0.020498918945559122,1761350161.030144
-2.9714159965515137,0.556186854839325,0.28656309843063354,0.0021888445583436197,0.0045194161544506685,0.020552689363190192,1761350161.040071
-2.9713735580444336,0.5561152696609497,0.28661981225013733,0.002007917288335217,0.004331961312233255,0.02064544152018818,1761350161.050156
-2.971407175064087,0.5561345815658569,0.2866109609603882,0.002147845777445438,0.004273265312581038,0.020588908580705903,1761350161.060194
-2.9713475704193115,0.5561974048614502,0.286559134721756,0.002209465321266774,0.004102328018476902,0.020481910679889432,1761350161.060468
-2.9713356494903564,0.5561749339103699,0.2865394353866577,0.0020533968341523243,0.004100530210206317,0.020362840075609817,1761350161.070022
-2.9712471961975098,0.5562177300453186,0.28655242919921875,0.0021760449450849164,0.0036046830977263665,0.020323190406883004,1761350161.080102
-2.971362590789795,0.5562152862548828,0.28656989336013794,0.0021563284873351175,0.004216562038540588,0.02046997285019853,1761350161.089988
-2.9713504314422607,0.5562143325805664,0.2865806519985199,0.0020907989353452345,0.004182727825290954,0.0204400625174546,1761350161.100008
-2.9713220596313477,0.5561677813529968,0.286594420671463,0.0020080867065473116,0.004279661189541744,0.020413354859486598,1761350161.110158
-2.97135329246521,0.5561980605125427,0.286498486995697,0.0019887384926477966,0.004296931534123567,0.020479345600370596,1761350161.110431
-2.971367597579956,0.5562183260917664,0.28660255670547485,0.0022292770107510836,0.004342026667691918,0.020437414782987492,1761350161.120024
-2.9713332653045654,0.5562212467193604,0.2865820825099945,0.0021904798135678524,0.004037939961443495,0.020410098732610564,1761350161.130154
-2.971388816833496,0.5562160015106201,0.286576509475708,0.0020700865384481243,0.004243273598164157,0.0205338791872102,1761350161.140146
-2.9713454246520996,0.5562302470207214,0.2865730822086334,0.002072373123276297,0.004291011237433681,0.020400836956692408,1761350161.150167
-2.9713077545166016,0.5562312006950378,0.2866262197494507,0.002170286784237886,0.004190137175770728,0.020299276558064037,1761350161.160176
-2.971301555633545,0.5561822652816772,0.2865719795227051,0.002150146343764108,0.0039801280797338,0.020432926583596335,1761350161.160448
-2.9713752269744873,0.5561967492103577,0.2866024672985077,0.0023224375393460692,0.004235231188319752,0.020510355969099774,1761350161.17016
-2.9713339805603027,0.5562050342559814,0.28658515214920044,0.00242198129609468,0.004332571007534058,0.020386458128110123,1761350161.180005
-2.9713196754455566,0.5562096834182739,0.286591112613678,0.0023582658511638868,0.0045035115418328945,0.02030840434747418,1761350161.190005
-2.9713351726531982,0.5561605095863342,0.2865966856479645,0.002100835197092307,0.00468424807081479,0.02028831372072377,1761350161.200178
-2.9714195728302,0.5561498999595642,0.28661200404167175,0.002118392257462983,0.004453008329906092,0.020595474195985553,1761350161.21001
-2.971329927444458,0.5562558770179749,0.28662651777267456,0.002444916758301696,0.004612988733879546,0.020448437528981723,1761350161.210283
-2.971346855163574,0.5562270283699036,0.28666257858276367,0.002259199417583476,0.004345008598185706,0.02041989566557299,1761350161.220013
-2.9713189601898193,0.5562100410461426,0.2866438627243042,0.0022852021873077705,0.004511329269230312,0.02023159241651983,1761350161.230033
-2.971273422241211,0.556247353553772,0.2866637706756592,0.0022535057661366353,0.004717787144198381,0.0201292529093378,1761350161.239888
-2.971245050430298,0.5561932325363159,0.2865484058856964,0.00222304578220322,0.004409150659825217,0.020315182672905423,1761350161.250178
-2.9712820053100586,0.5562674403190613,0.2865247428417206,0.002206305137421953,0.004370776862773339,0.020386688109636394,1761350161.260002
-2.9713850021362305,0.5561939477920532,0.28661224246025085,0.00235550376027082,0.0046955965237245765,0.020610550544584997,1761350161.270011
-2.971369504928589,0.5561521649360657,0.286575049161911,0.002098463289781986,0.004645885882766402,0.02033276919875828,1761350161.270281
-2.9712700843811035,0.5561615824699402,0.28664931654930115,0.002237573477968675,0.004319529975336051,0.020354730315560544,1761350161.28031
-2.971330165863037,0.5561621785163879,0.2865842580795288,0.0022783850751834397,0.004517064857696103,0.020352754887999414,1761350161.290131
-2.9713449478149414,0.5561197400093079,0.28658807277679443,0.002190835714384977,0.004309552572037184,0.02046469513002471,1761350161.300158
-2.9713656902313232,0.5561784505844116,0.286583811044693,0.0023283497157051756,0.004279935790396353,0.020464395691926113,1761350161.31007
-2.9713149070739746,0.5561878085136414,0.28656092286109924,0.002266641265251525,0.004157881069558265,0.020303970950690788,1761350161.310384
-2.9713940620422363,0.5561908483505249,0.2865777909755707,0.0021182626889733594,0.003992363560526265,0.02043703330957958,1761350161.319995
-2.9713327884674072,0.5561962723731995,0.2865646779537201,0.0021186208078814326,0.0041487532175049505,0.020320389256487603,1761350161.330003
-2.971327304840088,0.5562262535095215,0.2865949273109436,0.0021123229525182303,0.004375939635375866,0.020410274770180745,1761350161.340031
-2.971421718597412,0.5561495423316956,0.28656020760536194,0.001996208951388337,0.004313077450767345,0.020592008581030115,1761350161.349992
-2.971458911895752,0.5562351942062378,0.2865276038646698,0.002113933803009707,0.004511690200570477,0.020731440273730566,1761350161.36025
-2.9714176654815674,0.5561667084693909,0.2865704894065857,0.0021021771389775844,0.004526520286409342,0.020644753108411504,1761350161.360521
-2.9714131355285645,0.556187093257904,0.28660234808921814,0.0021297440319449,0.004663045733337061,0.020557707802084914,1761350161.369995
-2.971475124359131,0.5561521649360657,0.2864619195461273,0.001891020828111137,0.00459616837134056,0.02070418477510032,1761350161.379996
-2.9714250564575195,0.556149423122406,0.28657302260398865,0.0020906344525774404,0.004334310091966846,0.02053258872842808,1761350161.389975
-2.9713315963745117,0.5562098622322083,0.28659355640411377,0.002009277873131451,0.0042218029185909535,0.02037702183970742,1761350161.400024
-2.9713664054870605,0.5562050938606262,0.2866070568561554,0.00227434920217456,0.004267344303433957,0.02038692285736731,1761350161.409995
-2.971284866333008,0.5562044978141785,0.28663909435272217,0.0022379233826087435,0.0040720199944629075,0.020251512977194876,1761350161.420016
-2.9712438583374023,0.5562072992324829,0.2866526246070862,0.002397146754075522,0.004322457694594223,0.02005550339656534,1761350161.42029
-2.9712255001068115,0.5562124848365784,0.28662848472595215,0.0023422427571584505,0.004071873182016827,0.020136469423191326,1761350161.429993
-2.971311092376709,0.5561978220939636,0.2866159975528717,0.0022222411523763444,0.004291414440482123,0.020283658120493313,1761350161.440137
-2.971308708190918,0.5562113523483276,0.2866802215576172,0.0024486426814162156,0.004590843560090803,0.02038555049568315,1761350161.450005
-2.9712259769439697,0.5562525987625122,0.2866790294647217,0.002311616548107954,0.0039679200785342145,0.020264923289831104,1761350161.459993
-2.971405029296875,0.5561956167221069,0.28660568594932556,0.0021432820283368466,0.0045308092976966505,0.02057193063588037,1761350161.470174
-2.9713802337646484,0.5562336444854736,0.2865910232067108,0.0021390220745330477,0.004583430669841768,0.020438629228025546,1761350161.470447
-2.971379280090332,0.5561867356300354,0.2866430878639221,0.0020309725118918837,0.004417440153365613,0.020466865351230407,1761350161.48016
-2.971345901489258,0.5562781095504761,0.28655239939689636,0.0021345272869116444,0.004539575962095831,0.02045790356702622,1761350161.490013
-2.9714653491973877,0.5561100244522095,0.28650394082069397,0.0018766120304210508,0.004598547722622445,0.020677478463011243,1761350161.499994
-2.971301555633545,0.5561914443969727,0.28662922978401184,0.0023790310562519868,0.004635216365650353,0.020398143602662434,1761350161.510175
-2.971386432647705,0.556227445602417,0.286538690328598,0.0021244233869304615,0.0048363796135470925,0.020474452716557647,1761350161.510446
-2.9714016914367676,0.5561497211456299,0.28658467531204224,0.002149025079806616,0.0044186748842273615,0.020561266894101007,1761350161.520009
-2.971299648284912,0.5561742782592773,0.2865719199180603,0.0022207585739219752,0.004315265773691454,0.020290805041873947,1761350161.530171
-2.971409320831299,0.556151807308197,0.28652656078338623,0.0021651520816461803,0.004398241862367061,0.020470660516211516,1761350161.540011
-2.971306562423706,0.5561771392822266,0.28656256198883057,0.00211792308916324,0.004410890265129665,0.02037905677407367,1761350161.549982
-2.9712672233581543,0.5562122464179993,0.2865929901599884,0.002255034880536538,0.004041566248519151,0.020285418765985185,1761350161.560155
-2.971282958984375,0.5561994910240173,0.2865678668022156,0.0020551040526203593,0.0038031892805660108,0.020380385757003378,1761350161.570171
-2.971346855163574,0.5562055110931396,0.2865869998931885,0.0022187289556951126,0.0043319743200761745,0.020459553140596796,1761350161.570445
-2.9712085723876953,0.5562363862991333,0.28665030002593994,0.0023190219655549664,0.004067526878404731,0.02020910616261878,1761350161.580164
-2.971308469772339,0.5561951398849487,0.2865241765975952,0.002062894888813019,0.004023896079862141,0.020447793502702122,1761350161.590179
-2.97128963470459,0.5562275648117065,0.28659170866012573,0.0019482957766055646,0.004452793774585824,0.0202453127974703,1761350161.600187
-2.9714174270629883,0.5562030076980591,0.28655141592025757,0.0019208622951610611,0.004627111919516459,0.020657099718171826,1761350161.61018
-2.971449375152588,0.5560983419418335,0.28655242919921875,0.0017611506491491222,0.0042141290091882964,0.020799040367277807,1761350161.620021
-2.9713923931121826,0.5561944842338562,0.2865416407585144,0.0019302010222235178,0.0041951496159522575,0.02054653970821833,1761350161.620294
-2.971376419067383,0.556159257888794,0.2865234911441803,0.0018992580038043854,0.004418416517615644,0.02050015159800808,1761350161.630158
-2.9714114665985107,0.5561789870262146,0.2865583598613739,0.0020297224930188543,0.004587159086809908,0.020413176658838555,1761350161.640186
-2.971374988555908,0.5561821460723877,0.28652265667915344,0.001966187296725362,0.004258525357900305,0.020517962531797582,1761350161.650183
-2.971214532852173,0.5562435984611511,0.2866424322128296,0.0022447747374956645,0.0034658846385544713,0.020239809532108095,1761350161.660156
-2.971205234527588,0.5562159419059753,0.286658376455307,0.0024483711407405832,0.004016045340579979,0.02019846120514241,1761350161.66043
-2.971327066421509,0.5562066435813904,0.2865927517414093,0.0021961711477238455,0.004311740495178163,0.020426873193151385,1761350161.670001
-2.971275806427002,0.556212306022644,0.2866156995296478,0.002172828390630134,0.003615868936891753,0.020270744285272924,1761350161.68001
-2.971269130706787,0.5562309622764587,0.28659629821777344,0.002250407383117363,0.004117389787973124,0.02029439578118159,1761350161.690161
-2.971301555633545,0.5562284588813782,0.2866971790790558,0.0023719450425766773,0.004053100581465342,0.02033927840110185,1761350161.700162
-2.971302032470703,0.5562527775764465,0.2866590917110443,0.0022436671026801994,0.004773037647701944,0.020359828278236177,1761350161.710163
-2.971339702606201,0.556198239326477,0.28658851981163025,0.0020153145508126145,0.004235597874159275,0.020383265038601196,1761350161.710438
-2.9713501930236816,0.5562012791633606,0.2865888178348541,0.002125069134646597,0.0046906160104907245,0.020431861884735256,1761350161.720032
-2.9714462757110596,0.5561120510101318,0.2866000533103943,0.002096270576851924,0.005204914370942418,0.020739909910431124,1761350161.730158
-2.971489191055298,0.556175947189331,0.2865702509880066,0.0021541466670473293,0.004647167737551969,0.020634207152817313,1761350161.740031
-2.9714229106903076,0.5561578869819641,0.28654637932777405,0.0022972578365230466,0.004792561366887582,0.020694594464946744,1761350161.750183
-2.9713218212127686,0.5561979413032532,0.2865946590900421,0.0024799440401923317,0.004595454471653285,0.020428687738962687,1761350161.760008
-2.9712440967559814,0.5562039613723755,0.28657767176628113,0.002185829039413706,0.0041000470491326735,0.020336642968555668,1761350161.770174
-2.9713821411132812,0.5561960339546204,0.286476194858551,0.0021595513856384574,0.004600566561364173,0.02045004016807938,1761350161.770487
-2.9714348316192627,0.5562415719032288,0.2865571677684784,0.0026001078356980324,0.004678668969513633,0.020561314326989447,1761350161.780155
-2.9713053703308105,0.5562233328819275,0.2865787148475647,0.0023775898134106026,0.00410836807537238,0.020393078225046164,1761350161.790152
-2.9713406562805176,0.5561851859092712,0.28659385442733765,0.002124560558618236,0.004143792032066021,0.020455544721443557,1761350161.800179
-2.9713213443756104,0.556147038936615,0.28660327196121216,0.0021738154372450327,0.004060429833981483,0.020497572201572525,1761350161.810154
-2.97127103805542,0.5562428832054138,0.2865578830242157,0.002104717534145957,0.0037396808539866253,0.020447474960947284,1761350161.820015
-2.971318483352661,0.5561965703964233,0.2865505814552307,0.0022004368425012715,0.003746586524516698,0.02043474595768747,1761350161.820291
-2.9713175296783447,0.5562074780464172,0.2865932881832123,0.0021494631985168222,0.0043779975273812305,0.020491274229297456,1761350161.83016
-2.9714009761810303,0.5561197996139526,0.28653544187545776,0.0018060354696817404,0.004328020062888056,0.02063814280956953,1761350161.840161
-2.9714291095733643,0.556169867515564,0.28650447726249695,0.00195889805395755,0.004432038801475747,0.02057795070590157,1761350161.850183
-2.971412181854248,0.5561212301254272,0.286543607711792,0.0017268509102490732,0.004510346015054684,0.02055335802039205,1761350161.859999
-2.9714837074279785,0.5560789704322815,0.28654035925865173,0.001765922762740162,0.004443198224792629,0.020703696450454365,1761350161.870113
-2.971493721008301,0.5561216473579407,0.28651195764541626,0.001923350621801029,0.004355999009744447,0.020728059991599348,1761350161.870389
-2.971407413482666,0.5561228394508362,0.2865591049194336,0.0019318633463189557,0.004375726487972233,0.020498408603241505,1761350161.880165
-2.971315383911133,0.5561605095863342,0.28656065464019775,0.0021432738886285195,0.004134328464063131,0.020271240564054212,1761350161.890152
-2.9713282585144043,0.5562171936035156,0.2865419089794159,0.002320277678929847,0.004146393395716642,0.02040443882588128,1761350161.900176
-2.9713451862335205,0.556197464466095,0.2865853011608124,0.002133415801386638,0.00439653290591509,0.020453909803937183,1761350161.910185
-2.97127103805542,0.5562318563461304,0.2865937650203705,0.002355294873834565,0.004312195361948529,0.020233086911419736,1761350161.910458
-2.9712703227996826,0.5562294721603394,0.28656551241874695,0.0023916563886037224,0.004206365161043283,0.020336561775874593,1761350161.920012
-2.971360206604004,0.5562440156936646,0.28655606508255005,0.00229900191752487,0.004416919946953426,0.02046100795413189,1761350161.930164
-2.971282720565796,0.5562233924865723,0.2865822911262512,0.0022649965472475693,0.004249970569748367,0.02027950165635838,1761350161.940178
-2.971276044845581,0.5561789870262146,0.28662729263305664,0.002130997503325796,0.004144294660326336,0.02032069263644968,1761350161.950189
-2.971282958984375,0.5561927556991577,0.28662410378456116,0.0021748832052330283,0.004465281221965701,0.020312222635368755,1761350161.970177
-2.9713971614837646,0.5562248826026917,0.286607950925827,0.002214326604566684,0.004805781178550726,0.020612129725607147,1761350161.970454
-2.9713642597198486,0.5562005043029785,0.2866274416446686,0.0023606646524832542,0.004846340834555398,0.020523928894861678,1761350161.980174
-2.9713902473449707,0.5561872124671936,0.2865138351917267,0.0019474839499406935,0.004648022104792353,0.020431291590153385,1761350161.990189
-2.9712493419647217,0.5562390089035034,0.28660690784454346,0.0023129607781036707,0.004178209111380677,0.020176065945288178,1761350162.000158
-2.971299171447754,0.5562061071395874,0.2866310775279999,0.0023838712321415058,0.0041603571519830745,0.020474007605277966,1761350162.010164
-2.9713075160980225,0.5561932921409607,0.2866104543209076,0.002240973561750028,0.004064420636831269,0.02042259576374161,1761350162.010476
-2.971278429031372,0.5561720728874207,0.28659048676490784,0.002257451530340934,0.0040318075164218784,0.02031247731214881,1761350162.030173
-2.9712634086608887,0.5562577247619629,0.28661835193634033,0.0023403932967387287,0.004241325270430416,0.02027613459926946,1761350162.030447
-2.9712932109832764,0.556207001209259,0.28659093379974365,0.0021860678910681644,0.0042854780304954175,0.020329316396125733,1761350162.040154
-2.971320152282715,0.5562092065811157,0.28660860657691956,0.002291399202838436,0.0044430367383614545,0.020365052577604133,1761350162.050172
-2.9712584018707275,0.5561637878417969,0.2866384983062744,0.0020740184648089244,0.0039081453779363715,0.020215571368797824,1761350162.06018
-2.9713220596313477,0.556169331073761,0.28657642006874084,0.0020382860593594803,0.004129934424184223,0.02037314141017634,1761350162.070011
-2.9714243412017822,0.5561023354530334,0.2865157127380371,0.0019521698704454472,0.004577813562060948,0.02061161946906703,1761350162.070327
-2.971407175064087,0.5561930537223816,0.2865147292613983,0.0020471208546214144,0.004458172513142062,0.020498988513886048,1761350162.080172
-2.9713423252105713,0.5561745166778564,0.2865588963031769,0.0020048092964451425,0.004220594840318856,0.020331403580078414,1761350162.090163
-2.9713566303253174,0.5562058687210083,0.28643134236335754,0.001963802573629121,0.0038667563902038083,0.02048683775967303,1761350162.100143
-2.9712979793548584,0.5562008023262024,0.2864563465118408,0.0019674216560142187,0.0037770170367298823,0.02038173733043662,1761350162.110166
-2.9713518619537354,0.5561373233795166,0.2865316867828369,0.0020685320922062566,0.004217483760198208,0.020559856029215225,1761350162.1202
-2.9713242053985596,0.5562160015106201,0.2865545153617859,0.0019670502615118843,0.0038580117889541136,0.020443284738305947,1761350162.120474
-2.9712154865264893,0.5561659336090088,0.2866749167442322,0.0021345421343216485,0.0038585902104311906,0.020213564382390362,1761350162.130159
-2.971316337585449,0.556148886680603,0.2865479290485382,0.001895527573031352,0.004257390094488225,0.02023733780895725,1761350162.140151
-2.97133207321167,0.5561667680740356,0.2866228222846985,0.001992930771501555,0.0038700265806705593,0.020401537996644386,1761350162.150184
-2.9713797569274902,0.5561283826828003,0.2866620421409607,0.002093275869770278,0.004248866992574825,0.020549970176598722,1761350162.160277
-2.971308708190918,0.5562070608139038,0.2865990400314331,0.002017632390896969,0.004399644741335904,0.02042547182584824,1761350162.170176
-2.971343755722046,0.5562341213226318,0.2865596115589142,0.0020129526442666484,0.004596098283693636,0.02027560906027315,1761350162.170448
-2.971348762512207,0.5561816692352295,0.2866036593914032,0.0020185622024640575,0.004695413131663974,0.02032542055542853,1761350162.180005
-2.971367597579956,0.5562111139297485,0.2866118252277374,0.0022297242767514037,0.004484268585306787,0.020412506225051797,1761350162.190173
-2.9713122844696045,0.5562351942062378,0.2866322994232178,0.0022623456665437826,0.004503937739578462,0.02036796679912378,1761350162.20015
-2.97139310836792,0.5562119483947754,0.2865975499153137,0.0023097869194127437,0.004760942888087767,0.02047914736124465,1761350162.210166
-2.971331834793091,0.5561555027961731,0.28661155700683594,0.00225837303279395,0.004848211237857377,0.020260069557607254,1761350162.210439
-2.9713921546936035,0.5561867952346802,0.286539763212204,0.002232391112673329,0.00458782583619136,0.02037145109332056,1761350162.220017
-2.9712231159210205,0.5561828017234802,0.28665658831596375,0.0023112256607145053,0.004323686803962249,0.020162629934514467,1761350162.230164
-2.9713687896728516,0.5561580657958984,0.28662240505218506,0.002190681400545385,0.004752003678025632,0.02040685098332389,1761350162.240193
-2.971271514892578,0.556219756603241,0.28660979866981506,0.002262034478779482,0.00419877304895505,0.02035323726310803,1761350162.250141
-2.97129487991333,0.5562171936035156,0.2866603434085846,0.002094561027966024,0.004206954223553426,0.02027565746447969,1761350162.259995
-2.971219301223755,0.5562058091163635,0.2866801619529724,0.002241671570701224,0.0041446096484031025,0.020284649174308958,1761350162.27002
-2.9712414741516113,0.5562633872032166,0.2866055369377136,0.002191784194650171,0.0036772471736833587,0.020251120169177246,1761350162.270296
-2.971303939819336,0.5562409162521362,0.286613792181015,0.002316871908169939,0.004174771916890221,0.020311208597717647,1761350162.280138
-2.9714035987854004,0.5561997294425964,0.2865715026855469,0.0019812076786462976,0.0045916438609393895,0.020634325875813403,1761350162.290148
-2.9713501930236816,0.5561638474464417,0.2865998446941376,0.0020685698000992127,0.004481020074071342,0.02046119116868742,1761350162.300168
-2.9713478088378906,0.5561403632164001,0.2865924537181854,0.002072562412562026,0.004735974710560932,0.020451415131248398,1761350162.310194
-2.9714088439941406,0.5561731457710266,0.28652486205101013,0.0018589303435348696,0.004711319321316205,0.020733393643593143,1761350162.310467
-2.9713404178619385,0.5561992526054382,0.2865520417690277,0.002030516706763241,0.004002208567662375,0.020421216544951368,1761350162.320004
-2.971423387527466,0.5561535358428955,0.2865276038646698,0.002111290501439838,0.004388244464626481,0.020647698512635048,1761350162.330151
-2.971348524093628,0.556153416633606,0.2865706980228424,0.002122890441098063,0.004185241936212199,0.0204578259090686,1761350162.340172
-2.9712486267089844,0.5562026500701904,0.2866325080394745,0.0020366804889508537,0.003933907077780462,0.020194702597137505,1761350162.350182
-2.9713075160980225,0.5562108159065247,0.2865610122680664,0.002070246798778464,0.0037522934040205977,0.02041439807587105,1761350162.360166
-2.971198797225952,0.5562141537666321,0.2865813076496124,0.0023140638429634437,0.003675298596561188,0.020266965085056363,1761350162.360441
-2.9712629318237305,0.5562096834182739,0.2865985035896301,0.002093353851208078,0.003969973478944211,0.020337102121322163,1761350162.369979
-2.9712846279144287,0.5561887621879578,0.2865545451641083,0.002073832716863736,0.0040815901800610585,0.020265999843763614,1761350162.380174
-2.9713399410247803,0.556138277053833,0.28667017817497253,0.0021769688621153093,0.004510138512662446,0.02035470809728725,1761350162.390177
-2.971355438232422,0.5561394691467285,0.2866275906562805,0.0020732495393387144,0.004298825916165115,0.020501782209178983,1761350162.400168
-2.97129487991333,0.5562703013420105,0.28657376766204834,0.002194829740991179,0.004278500690352113,0.020410836996896116,1761350162.410185
-2.9714202880859375,0.5562034845352173,0.2865103483200073,0.0019850853496323753,0.0048556949133008245,0.020646950466594646,1761350162.41046
-2.9713857173919678,0.5562343001365662,0.2865423858165741,0.002195493445751548,0.0047668120788825485,0.020540766242136698,1761350162.420012
-2.971461057662964,0.5561593770980835,0.2865294814109802,0.0020883250615214496,0.0051718871761319,0.020676150533273638,1761350162.430134
-2.971325159072876,0.5561892986297607,0.286601722240448,0.002137679762533267,0.004551108902110766,0.02040930301756926,1761350162.440001
-2.971336841583252,0.5561522841453552,0.2865769863128662,0.0018804465374972575,0.004097284055721334,0.020371797058349062,1761350162.450183
-2.971395254135132,0.5561330318450928,0.28657421469688416,0.0021641353592670226,0.004648238291745654,0.020364165491288833,1761350162.460189
-2.971221685409546,0.556315541267395,0.2865654230117798,0.0022710956176632425,0.004480816665521572,0.020061303259230834,1761350162.460461
-2.97127103805542,0.5562966465950012,0.28663113713264465,0.0023407023322782137,0.004085662089764812,0.020139775423496355,1761350162.480173
-2.971252918243408,0.5562664270401001,0.28665536642074585,0.002346806031097002,0.004039067486221697,0.020167470274104017,1761350162.480445
-2.9713897705078125,0.5562199950218201,0.2866162657737732,0.0023013095371028826,0.004377829004798582,0.02046230910848153,1761350162.490147
-2.9713869094848633,0.5562058687210083,0.2865988612174988,0.0021426648508393316,0.004535129100509499,0.02054899594205207,1761350162.500188
-2.971323251724243,0.5561636090278625,0.2867080867290497,0.002243768437167948,0.004507761758762687,0.02044540082066613,1761350162.510141
-2.9713354110717773,0.5562410354614258,0.2866570055484772,0.002153085005712794,0.004429700085106424,0.0203976521630911,1761350162.510451
-2.971341609954834,0.5562530159950256,0.2865731120109558,0.002081004404371293,0.004174090409218205,0.02042558837529708,1761350162.520002
-2.9713239669799805,0.5562261939048767,0.28654515743255615,0.002014672895331326,0.003923582954784665,0.02041754014008063,1761350162.530165
-2.9713633060455322,0.5561842918395996,0.28656265139579773,0.0019611868744852214,0.004568798537821319,0.02045920389838419,1761350162.54015
-2.9713616371154785,0.5561705827713013,0.28653979301452637,0.0019638936047250773,0.004546455574146235,0.020440288236594818,1761350162.550165
-2.9714150428771973,0.5561755895614624,0.28649166226387024,0.002108895805772436,0.004416756763602751,0.020680543908281567,1761350162.560178
-2.9713170528411865,0.556101381778717,0.28656628727912903,0.0021298660273306146,0.0042941294237949955,0.020562816067182497,1761350162.560452
-2.971404552459717,0.5561792850494385,0.286486953496933,0.002226705038499657,0.004214087247740945,0.02060673831951193,1761350162.580178
-2.9713523387908936,0.5561018586158752,0.2865537106990814,0.002141688811907281,0.003876492853952726,0.020545621461131407,1761350162.58049
-2.9712975025177,0.556174635887146,0.2865540683269501,0.0022622263480143365,0.0039061762421812186,0.02046456167737148,1761350162.590171
-2.9713926315307617,0.5560997128486633,0.28654637932777405,0.002064332847135252,0.004128381250096069,0.02068749503110748,1761350162.600153
-2.97137713432312,0.5561352968215942,0.28656643629074097,0.002136149664931181,0.0040719131251397344,0.020646402628010513,1761350162.610199
-2.971329927444458,0.5562244057655334,0.28657424449920654,0.002108894724559931,0.003909307492962226,0.02035114925367836,1761350162.610475
-2.9713306427001953,0.5562080144882202,0.286579430103302,0.0022090373371477395,0.004035258082384111,0.020426269104348253,1761350162.620001
-2.9713730812072754,0.5561947822570801,0.2864963710308075,0.001873173916436414,0.0041763202724966406,0.020510304389421592,1761350162.630149
-2.971259355545044,0.5561831593513489,0.28659096360206604,0.001914361945781632,0.003954368217338235,0.020329739300496415,1761350162.640177
-2.9713656902313232,0.5561926364898682,0.2865459620952606,0.001922470313612597,0.00421265878284186,0.020514438655211097,1761350162.650165
-2.971376657485962,0.556174099445343,0.2865545153617859,0.0020569524218883766,0.004728033672153717,0.02048509583906456,1761350162.660174
-2.9714243412017822,0.5561515092849731,0.28656426072120667,0.0020253871966804432,0.004799339431410469,0.020628389334739886,1761350162.670173
-2.9713127613067627,0.55619215965271,0.28658196330070496,0.0020699867533717463,0.004280906695671124,0.020417514798897116,1761350162.670443
-2.9713473320007324,0.5562533140182495,0.28654351830482483,0.002259767366099709,0.004351123199857176,0.020501725636299584,1761350162.680046
-2.971345901489258,0.556155800819397,0.28652870655059814,0.0020016749221649526,0.004093936815743844,0.020569302148764942,1761350162.690165
-2.9713683128356934,0.5562171936035156,0.28657522797584534,0.0022282516571309843,0.004364630718657195,0.020531707587538302,1761350162.69998
-2.971334934234619,0.5561906695365906,0.28660833835601807,0.0021948960885163488,0.004419922921236438,0.02045296856732506,1761350162.710143
-2.9712328910827637,0.5562166571617126,0.28662893176078796,0.002323833856826374,0.004351172311229375,0.020173959454455905,1761350162.710417
-2.9712421894073486,0.5562564134597778,0.2866166830062866,0.0024345702929203595,0.004154745741309639,0.020329942390448292,1761350162.719968
-2.971311092376709,0.5562072396278381,0.28661203384399414,0.0024392720205520884,0.004587333080990984,0.02032114072662248,1761350162.73016
-2.9712154865264893,0.5562034845352173,0.28673091530799866,0.00265595526055495,0.004296753321700237,0.020133447915032323,1761350162.740191
-2.9714298248291016,0.5561673045158386,0.2866306006908417,0.002103130104472412,0.004622802472388844,0.020576485355542087,1761350162.750183
-2.9713292121887207,0.5562694668769836,0.28664496541023254,0.0023907606547989456,0.004838777516269085,0.020358122682095258,1761350162.760188
-2.971360921859741,0.5561670064926147,0.28653597831726074,0.0019551076057532633,0.004422858688866323,0.02047284205855229,1761350162.760503
-2.9713306427001953,0.5562383532524109,0.2866095304489136,0.0023189002476582043,0.0047881246242447335,0.02046106616710858,1761350162.769966
-2.9712612628936768,0.5562039017677307,0.28661274909973145,0.002312828707254954,0.0046560396199219955,0.020222989180984283,1761350162.800035
-2.971372127532959,0.5562283992767334,0.2865183353424072,0.0020309241507480073,0.0043063737031234645,0.020516153528787676,1761350162.800306
-2.9713001251220703,0.556225597858429,0.28651443123817444,0.002105388483386526,0.003923548212413775,0.0204263366713166,1761350162.810164
-2.971343994140625,0.55616694688797,0.28655892610549927,0.0020507189241387113,0.0042319708603184136,0.020434114936800373,1761350162.810439
-2.971343517303467,0.556147038936615,0.2865283191204071,0.0018845033466094229,0.00393591580424557,0.020553179896487594,1761350162.820169
-2.971320152282715,0.5561327934265137,0.28651270270347595,0.0019033039413472114,0.0038404140060186937,0.020483533752648938,1761350162.830192
-2.971403121948242,0.5561727285385132,0.2865404188632965,0.002049462226270356,0.004154302577951243,0.020535767043558823,1761350162.840006
-2.971426248550415,0.5561530590057373,0.28654637932777405,0.001954061674015417,0.004129838112355567,0.02071442418795784,1761350162.850175
-2.971277952194214,0.5562018156051636,0.28657397627830505,0.0020140860394508436,0.0038962146192008697,0.020373813588874082,1761350162.86017
-2.971403121948242,0.5561647415161133,0.28656160831451416,0.0018162232058798354,0.004356331997593481,0.02055947736482902,1761350162.860446
-2.971311569213867,0.5562430024147034,0.2865242660045624,0.0019715275788878017,0.004247053176398299,0.020340674620617973,1761350162.870151
-2.9713516235351562,0.556164026260376,0.28656405210494995,0.0020392679298509467,0.004432120352709702,0.020462863132327824,1761350162.890159
-2.9713268280029297,0.5562723875045776,0.28650039434432983,0.0022044143167221186,0.004401111666346707,0.02032454050127254,1761350162.890467
-2.9713525772094727,0.556196928024292,0.2864840030670166,0.0019478831703967675,0.004178762336975534,0.02039549877377384,1761350162.900157
-2.971400022506714,0.5562024712562561,0.2864460051059723,0.0017373008050607667,0.004452920206363835,0.020528154999533334,1761350162.910135
-2.971445083618164,0.5561813712120056,0.28647905588150024,0.002021761388043542,0.004566147474155215,0.020660837681191598,1761350162.91041
-2.9713103771209717,0.5562392473220825,0.28659483790397644,0.0021580192651479866,0.003914456592191667,0.02034597729272675,1761350162.920355
-2.9713189601898193,0.5562025904655457,0.2865981459617615,0.0023534820855675713,0.004425458584600589,0.020284091775301355,1761350162.930146
-2.971287727355957,0.5562382340431213,0.28665104508399963,0.002540846108381275,0.00449903174328797,0.020278499863669006,1761350162.940168
-2.971298933029175,0.5562313199043274,0.2866491973400116,0.002157218326288659,0.004186932607543984,0.020360321852147884,1761350162.950163
